name,mean,stddev,min,max,runs,sum,sum_squared
signal low to high same core,1639.71877,56.66055770716694,1551,3329,100000,163971877,269188806349
signal high to low same core,879.48029,63.39699434134051,855,2568,100000,87948029,77750475939
signal high to low cross core,1565.03775,59.80348873550304,1541,3079,100000,156503775,245291961619
signal 2way low to high same core,3197.03897,83.69732750417025,3083,5504,100000,319703897,1022806341833
signal 2way low to high cross core,7164.93031,102.71560472158217,7084,9501,100000,716493031,5134677684261
